{"Anfrage":{"Auftraggeber":null,"Kundennummer":null,"Vorgangsnummer":null,"Dateiname":null,"ClaimsGuard":{"Anwendbar":true,"Einzelpruefbericht":true},"Schadennummer":"A033206222"},"Vorgang":{"Vorgang":[{"Kopfdaten":{"Kalksystem":"Audatex","Aktenzeichen":"0033206222PW001","KalkulationsDatum":"03.05.22"},"Fahrzeugdaten":{"HerstellerID":"00","HerstellerBezeichnung":"AUDI","HaupttypID":"81","HaupttypBezeichnung":"A6 (4GC/4GD)","UntertypID":"01","UntertypBezeichnung":"AVANT 3.0 TDI","Ausstattung":{"Position":[{"Code":"A3","Bezeichnung":"AB 06.2015","Leitnummer":null,"Repart":null,"ReparaturText":null,"AW":null,"AWinStunden":null,"Betrag":null,"Bauart":null,"MaterialEigenschaft":null,"Lohnstufe":null,"Materialeigenschaft":null,"Teilenummer":null,"Platzhalter":null,"Stern":null,"Lackbezeichnung":null,"ArbeitspositionsNummer":null,"Lackart":null},{"Code":"C3","Bezeichnung":"SCR SYSTEM","Leitnummer":null,"Repart":null,"ReparaturText":null,"AW":null,"AWinStunden":null,"Betrag":null,"Bauart":null,"MaterialEigenschaft":null,"Lohnstufe":null,"Materialeigenschaft":null,"Teilenummer":null,"Platzhalter":null,"Stern":null,"Lackbezeichnung":null,"ArbeitspositionsNummer":null,"Lackart":null},{"Code":"C4","Bezeichnung":"ABGASNORM EURO 6","Leitnummer":null,"Repart":null,"ReparaturText":null,"AW":null,"AWinStunden":null,"Betrag":null,"Bauart":null,"MaterialEigenschaft":null,"Lohnstufe":null,"Materialeigenschaft":null,"Teilenummer":null,"Platzhalter":null,"Stern":null,"Lackbezeichnung":null,"ArbeitspositionsNummer":null,"Lackart":null},{"Code":"C6","Bezeichnung":"STOP-START-ANLAGE","Leitnummer":null,"Repart":null,"ReparaturText":null,"AW":null,"AWinStunden":null,"Betrag":null,"Bauart":null,"MaterialEigenschaft":null,"Lohnstufe":null,"Materialeigenschaft":null,"Teilenummer":null,"Platzhalter":null,"Stern":null,"Lackbezeichnung":null,"ArbeitspositionsNummer":null,"Lackart":null},{"Code":"C8","Bezeichnung":"B-AIRB DEAKTIVIERBAR","Leitnummer":null,"Repart":null,"ReparaturText":null,"AW":null,"AWinStunden":null,"Betrag":null,"Bauart":null,"MaterialEigenschaft":null,"Lohnstufe":null,"Materialeigenschaft":null,"Teilenummer":null,"Platzhalter":null,"Stern":null,"Lackbezeichnung":null,"ArbeitspositionsNummer":null,"Lackart":null},{"Code":"C9","Bezeichnung":"SICHERHEITSSYS ERW","Leitnummer":null,"Repart":null,"ReparaturText":null,"AW":null,"AWinStunden":null,"Betrag":null,"Bauart":null,"MaterialEigenschaft":null,"Lohnstufe":null,"Materialeigenschaft":null,"Teilenummer":null,"Platzhalter":null,"Stern":null,"Lackbezeichnung":null,"ArbeitspositionsNummer":null,"Lackart":null},{"Code":"E3","Bezeichnung":"INSTR-TAFEL 2-FARBIG","Leitnummer":null,"Repart":null,"ReparaturText":null,"AW":null,"AWinStunden":null,"Betrag":null,"Bauart":null,"MaterialEigenschaft":null,"Lohnstufe":null,"Materialeigenschaft":null,"Teilenummer":null,"Platzhalter":null,"Stern":null,"Lackbezeichnung":null,"ArbeitspositionsNummer":null,"Lackart":null},{"Code":"E4","Bezeichnung":"REIFEN 225/55 R17..V","Leitnummer":null,"Repart":null,"ReparaturText":null,"AW":null,"AWinStunden":null,"Betrag":null,"Bauart":null,"MaterialEigenschaft":null,"Lohnstufe":null,"Materialeigenschaft":null,"Teilenummer":null,"Platzhalter":null,"Stern":null,"Lackbezeichnung":null,"ArbeitspositionsNummer":null,"Lackart":null},{"Code":"E5","Bezeichnung":"SCHEINW-REINIGUNG","Leitnummer":null,"Repart":null,"ReparaturText":null,"AW":null,"AWinStunden":null,"Betrag":null,"Bauart":null,"MaterialEigenschaft":null,"Lohnstufe":null,"Materialeigenschaft":null,"Teilenummer":null,"Platzhalter":null,"Stern":null,"Lackbezeichnung":null,"ArbeitspositionsNummer":null,"Lackart":null},{"Code":"E6","Bezeichnung":"HEAD-UP DISPLAY","Leitnummer":null,"Repart":null,"ReparaturText":null,"AW":null,"AWinStunden":null,"Betrag":null,"Bauart":null,"MaterialEigenschaft":null,"Lohnstufe":null,"Materialeigenschaft":null,"Teilenummer":null,"Platzhalter":null,"Stern":null,"Lackbezeichnung":null,"ArbeitspositionsNummer":null,"Lackart":null},{"Code":"E7","Bezeichnung":"GEPAECKRAUMKL AUTOM","Leitnummer":null,"Repart":null,"ReparaturText":null,"AW":null,"AWinStunden":null,"Betrag":null,"Bauart":null,"MaterialEigenschaft":null,"Lohnstufe":null,"Materialeigenschaft":null,"Teilenummer":null,"Platzhalter":null,"Stern":null,"Lackbezeichnung":null,"ArbeitspositionsNummer":null,"Lackart":null},{"Code":"FA","Bezeichnung":"ZUSATZHEIZUNG","Leitnummer":null,"Repart":null,"ReparaturText":null,"AW":null,"AWinStunden":null,"Betrag":null,"Bauart":null,"MaterialEigenschaft":null,"Lohnstufe":null,"Materialeigenschaft":null,"Teilenummer":null,"Platzhalter":null,"Stern":null,"Lackbezeichnung":null,"ArbeitspositionsNummer":null,"Lackart":null},{"Code":"F2","Bezeichnung":"KLIMAAUTOMAT 4-ZONEN","Leitnummer":null,"Repart":null,"ReparaturText":null,"AW":null,"AWinStunden":null,"Betrag":null,"Bauart":null,"MaterialEigenschaft":null,"Lohnstufe":null,"Materialeigenschaft":null,"Teilenummer":null,"Platzhalter":null,"Stern":null,"Lackbezeichnung":null,"ArbeitspositionsNummer":null,"Lackart":null},{"Code":"F6","Bezeichnung":"VERGLAS H DUNKEL GET","Leitnummer":null,"Repart":null,"ReparaturText":null,"AW":null,"AWinStunden":null,"Betrag":null,"Bauart":null,"MaterialEigenschaft":null,"Lohnstufe":null,"Materialeigenschaft":null,"Teilenummer":null,"Platzhalter":null,"Stern":null,"Lackbezeichnung":null,"ArbeitspositionsNummer":null,"Lackart":null},{"Code":"G2","Bezeichnung":"TOUCHPAD","Leitnummer":null,"Repart":null,"ReparaturText":null,"AW":null,"AWinStunden":null,"Betrag":null,"Bauart":null,"MaterialEigenschaft":null,"Lohnstufe":null,"Materialeigenschaft":null,"Teilenummer":null,"Platzhalter":null,"Stern":null,"Lackbezeichnung":null,"ArbeitspositionsNummer":null,"Lackart":null},{"Code":"G4","Bezeichnung":"INNENSP AUTOM ABBL","Leitnummer":null,"Repart":null,"ReparaturText":null,"AW":null,"AWinStunden":null,"Betrag":null,"Bauart":null,"MaterialEigenschaft":null,"Lohnstufe":null,"Materialeigenschaft":null,"Teilenummer":null,"Platzhalter":null,"Stern":null,"Lackbezeichnung":null,"ArbeitspositionsNummer":null,"Lackart":null},{"Code":"G5","Bezeichnung":"ANZEIGE TEMPOLIMIT","Leitnummer":null,"Repart":null,"ReparaturText":null,"AW":null,"AWinStunden":null,"Betrag":null,"Bauart":null,"MaterialEigenschaft":null,"Lohnstufe":null,"Materialeigenschaft":null,"Teilenummer":null,"Platzhalter":null,"Stern":null,"Lackbezeichnung":null,"ArbeitspositionsNummer":null,"Lackart":null},{"Code":"G6","Bezeichnung":"FERNLICHTASSISTENT","Leitnummer":null,"Repart":null,"ReparaturText":null,"AW":null,"AWinStunden":null,"Betrag":null,"Bauart":null,"MaterialEigenschaft":null,"Lohnstufe":null,"Materialeigenschaft":null,"Teilenummer":null,"Platzhalter":null,"Stern":null,"Lackbezeichnung":null,"ArbeitspositionsNummer":null,"Lackart":null},{"Code":"G7","Bezeichnung":"AUSSENSP EL/KLAPPBAR","Leitnummer":null,"Repart":null,"ReparaturText":null,"AW":null,"AWinStunden":null,"Betrag":null,"Bauart":null,"MaterialEigenschaft":null,"Lohnstufe":null,"Materialeigenschaft":null,"Teilenummer":null,"Platzhalter":null,"Stern":null,"Lackbezeichnung":null,"ArbeitspositionsNummer":null,"Lackart":null},{"Code":"H4","Bezeichnung":"MMI RADIO HIGH/NAVIG","Leitnummer":null,"Repart":null,"ReparaturText":null,"AW":null,"AWinStunden":null,"Betrag":null,"Bauart":null,"MaterialEigenschaft":null,"Lohnstufe":null,"Materialeigenschaft":null,"Teilenummer":null,"Platzhalter":null,"Stern":null,"Lackbezeichnung":null,"ArbeitspositionsNummer":null,"Lackart":null},{"Code":"H7","Bezeichnung":"SOUNDSYSTEM BOSE","Leitnummer":null,"Repart":null,"ReparaturText":null,"AW":null,"AWinStunden":null,"Betrag":null,"Bauart":null,"MaterialEigenschaft":null,"Lohnstufe":null,"Materialeigenschaft":null,"Teilenummer":null,"Platzhalter":null,"Stern":null,"Lackbezeichnung":null,"ArbeitspositionsNummer":null,"Lackart":null},{"Code":"I1","Bezeichnung":"LED-SCHEINWERFER","Leitnummer":null,"Repart":null,"ReparaturText":null,"AW":null,"AWinStunden":null,"Betrag":null,"Bauart":null,"MaterialEigenschaft":null,"Lohnstufe":null,"Materialeigenschaft":null,"Teilenummer":null,"Platzhalter":null,"Stern":null,"Lackbezeichnung":null,"ArbeitspositionsNummer":null,"Lackart":null},{"Code":"I4","Bezeichnung":"EINPARKHILFE V/H","Leitnummer":null,"Repart":null,"ReparaturText":null,"AW":null,"AWinStunden":null,"Betrag":null,"Bauart":null,"MaterialEigenschaft":null,"Lohnstufe":null,"Materialeigenschaft":null,"Teilenummer":null,"Platzhalter":null,"Stern":null,"Lackbezeichnung":null,"ArbeitspositionsNummer":null,"Lackart":null},{"Code":"I6","Bezeichnung":"KEYLESS ENTRY","Leitnummer":null,"Repart":null,"ReparaturText":null,"AW":null,"AWinStunden":null,"Betrag":null,"Bauart":null,"MaterialEigenschaft":null,"Lohnstufe":null,"Materialeigenschaft":null,"Teilenummer":null,"Platzhalter":null,"Stern":null,"Lackbezeichnung":null,"ArbeitspositionsNummer":null,"Lackart":null},{"Code":"I8","Bezeichnung":"NACHTSICHTASSISTENT","Leitnummer":null,"Repart":null,"ReparaturText":null,"AW":null,"AWinStunden":null,"Betrag":null,"Bauart":null,"MaterialEigenschaft":null,"Lohnstufe":null,"Materialeigenschaft":null,"Teilenummer":null,"Platzhalter":null,"Stern":null,"Lackbezeichnung":null,"ArbeitspositionsNummer":null,"Lackart":null},{"Code":"I9","Bezeichnung":"DIST-REGELUNG AUTOM","Leitnummer":null,"Repart":null,"ReparaturText":null,"AW":null,"AWinStunden":null,"Betrag":null,"Bauart":null,"MaterialEigenschaft":null,"Lohnstufe":null,"Materialeigenschaft":null,"Teilenummer":null,"Platzhalter":null,"Stern":null,"Lackbezeichnung":null,"ArbeitspositionsNummer":null,"Lackart":null},{"Code":"JB","Bezeichnung":"GEPAECKNETZ","Leitnummer":null,"Repart":null,"ReparaturText":null,"AW":null,"AWinStunden":null,"Betrag":null,"Bauart":null,"MaterialEigenschaft":null,"Lohnstufe":null,"Materialeigenschaft":null,"Teilenummer":null,"Platzhalter":null,"Stern":null,"Lackbezeichnung":null,"ArbeitspositionsNummer":null,"Lackart":null},{"Code":"J6","Bezeichnung":"SPORTSITZE","Leitnummer":null,"Repart":null,"ReparaturText":null,"AW":null,"AWinStunden":null,"Betrag":null,"Bauart":null,"MaterialEigenschaft":null,"Lohnstufe":null,"Materialeigenschaft":null,"Teilenummer":null,"Platzhalter":null,"Stern":null,"Lackbezeichnung":null,"ArbeitspositionsNummer":null,"Lackart":null},{"Code":"J8","Bezeichnung":"SITZE V/H HEIZBAR","Leitnummer":null,"Repart":null,"ReparaturText":null,"AW":null,"AWinStunden":null,"Betrag":null,"Bauart":null,"MaterialEigenschaft":null,"Lohnstufe":null,"Materialeigenschaft":null,"Teilenummer":null,"Platzhalter":null,"Stern":null,"Lackbezeichnung":null,"ArbeitspositionsNummer":null,"Lackart":null},{"Code":"J9","Bezeichnung":"RUECKSITZLEHNE GET","Leitnummer":null,"Repart":null,"ReparaturText":null,"AW":null,"AWinStunden":null,"Betrag":null,"Bauart":null,"MaterialEigenschaft":null,"Lohnstufe":null,"Materialeigenschaft":null,"Teilenummer":null,"Platzhalter":null,"Stern":null,"Lackbezeichnung":null,"ArbeitspositionsNummer":null,"Lackart":null},{"Code":"K3","Bezeichnung":"SPORTLEDERLENKRAD","Leitnummer":null,"Repart":null,"ReparaturText":null,"AW":null,"AWinStunden":null,"Betrag":null,"Bauart":null,"MaterialEigenschaft":null,"Lohnstufe":null,"Materialeigenschaft":null,"Teilenummer":null,"Platzhalter":null,"Stern":null,"Lackbezeichnung":null,"ArbeitspositionsNummer":null,"Lackart":null},{"Code":"K4","Bezeichnung":"AUSST LED/ALCANTARA","Leitnummer":null,"Repart":null,"ReparaturText":null,"AW":null,"AWinStunden":null,"Betrag":null,"Bauart":null,"MaterialEigenschaft":null,"Lohnstufe":null,"Materialeigenschaft":null,"Teilenummer":null,"Platzhalter":null,"Stern":null,"Lackbezeichnung":null,"ArbeitspositionsNummer":null,"Lackart":null},{"Code":"L5","Bezeichnung":"L-WIRBELSTUETZE ELEK","Leitnummer":null,"Repart":null,"ReparaturText":null,"AW":null,"AWinStunden":null,"Betrag":null,"Bauart":null,"MaterialEigenschaft":null,"Lohnstufe":null,"Materialeigenschaft":null,"Teilenummer":null,"Platzhalter":null,"Stern":null,"Lackbezeichnung":null,"ArbeitspositionsNummer":null,"Lackart":null},{"Code":"L6","Bezeichnung":"DACHHIMMEL SCHWARZ","Leitnummer":null,"Repart":null,"ReparaturText":null,"AW":null,"AWinStunden":null,"Betrag":null,"Bauart":null,"MaterialEigenschaft":null,"Lohnstufe":null,"Materialeigenschaft":null,"Teilenummer":null,"Platzhalter":null,"Stern":null,"Lackbezeichnung":null,"Arb